Mammals,,,,,
,,,,,
SNo,Common name,Scientific name,Home range,status,
1,Lowland Anoa,Bubalus depressicornis,Asia,E,
2,Mountain Anoa,Bubalus quarlesi,Asia,E,
3,Giant Sable Antelope,Hippotragus niger variani,Africa,E,
4,Argali,Ovis ammon,"Europe, Asia",E,
5,Giant Armadillo,Priodontes maximus,South America,E,
6,Pink Fairy Armadillo,Chlamyphorus truncatus,South America,E,
7,African Wild Ass,Equus africanus,Africa,E,
8,Asian Wild Ass (Onager),Equus hemionus,Asia,E,
9,Avahi (Woolly lemur),Avahi sp.,Australia,E,
10,Aye-aye,Daubentonia madagascariensis,Australia,E,
11,Babirusa,Babyrousa babyrussa,Asia,E,
12,Gelada,Theropithecus gelada,Africa,T,
13,Western Barred Bandicoot,Perameles bougainville,Australia,E,
14,Desert Bandicoot,Perameles eremiana,Australia,E,
15,Lesser Rabbit Bandicoot (Lesser Bilby),Macrotis leucura,Australia,E,
16,Pig-footed Bandicoot,Chaeropus ecaudatus,Australia,E,
17,Rabbit Bandicoot (Bilby),Macrotis lagotis,Australia,E,
18,Banteng,Bos javanicus,Asia,E,
19,Bulmer's fruit bat (flying fox),Aproteles bulmerae,Australia,E,
20,Bumblebee Bat,Craseonycteris thonglongyai,Asia,E,
21,Gray Bat,Myotis grisescens,North America,E,
22,Hawaiian Hoary Bat,Lasiurus cinereus semotus,North America,E,
23,Indiana bat,Myotis sodalis,North America,E,
24,Lesser Long-nosed Bat,Leptonycteris curasoae yerbabuenae,North America,E,
25,Little Mariana fruit bat,Pteropus tokudae,North America,E,
26,Mariana Fruit Bat (Mariana flying fox),Pteropus mariannus,North America,T,
27,Mexican long-nosed bat (Saussure's long-nosed bat),Leptonycteris nivalis,North America,E,
28,Ozark Big-Eared Bat,Corynorhinus (Plecotus) townsendii ingens,North America,E,
29,Rodrigues Fruit Bat (Flying Fox),Pteropus rodricensis,Africa,E,
30,Singapore Roundleaf Horseshoe Bat,Hipposideros ridleyi,Australia,E,
31,Virginia big-eared bat,Corynorhinus (Plecotus) townsendii virginianus,North America,E,
32,American Black Bear,Ursus americanus,North America,T(S/A),
33,Baluchistan Bear,Ursus thibetanus gedrosianus,Asia,E,
34,Brown Bear,Ursus arctos arctos,"Asia, Africa, Europe",E,
35,Blue Bear,Ursus arctos pruinosus,Asia,E,
36,Grizzly bear,Ursus arctos horribilis,"North America, Asia, Africa, Europe",T,
37,Louisiana Black Bear,Ursus americanus luteolus,North America,T,
38,Mexican Grizzly Bear,Ursus arctos,"North America, Asia, Africa, Europe",E,
39,Beaver,Castor fiber birulai,Asia,E,
40,Wood Bison,Bison bison athabascae,North America,E,
41,Mexican Bobcat,Lynx rufus escuinapae,North America,E,
42,Bontebok,Damaliscus pygarus (dorcas) dorcas,Africa,E,
43,Bactrian Camel,Camelus bactrianus,Asia,E,
44,Woodland Caribou (Reindeer),Rangifer tarandus caribou,North America,E,
45,Andean Mountain Cat,Leopardus jacobitus,South America ,E,
46,Asian Golden Cat (Temmnick's),Catopuma temminckii,Asia,E,
47,Black-footed Cat,Felis nigripes,Africa,E,
48,Flat-headed Cat,Prionailurus planiceps,Asia,E,
49,Iriomote Cat,Prionailurus iriomotensis,Asia,E,
50,Leopard Cat,Prionailurus bengalensis,Asia,E,
51,Marbled Cat,Pardofelis marmorata,Asia,E,
52,Pakistan Sand Cat,Felis margarita scheffeli,Asia,E,
53,Oncilla,Leopardus tigrinus,South America,E,
54,Apennine Chamois,Rupicapra rupicapra ornata,"Europe, Asia",E,
55,Cheetah,Acinonyx jubatus,"Africa, Asia",E,
56,Common Chimpanzee,Pan troglodytes,Africa,E,
57,Bonobo,Pan paniscus,Africa,E,
58,Chinchilla,Chinchilla brevicaudata boliviana,South America,E,
59,Malabar Large-spotted Civet,Viverra civettina (megaspila c.),Asia,E,
60,Cochito (Vaquita),Phocoena sinus,North America,E,
61,Bactrian Deer,Cervus elaphus bactrianus,Asia,E,
63,Calamianes Deer (Philippine),Axis porcinus calamianensis,Asia,E,
64,Cedros Island Mule Deer,Odocoileus hemionus cerrosensis,North America,E,
65,Columbian white-tailed deer,Odocoileus virginianus leucurus,North America,E,
66,Corsican red deer,Cervus elaphus corsicanus,Europe,E,
67,Eld's Brow-antlered Deer,Cervus eldi,Asia,E,
68,Formosan Sika Deer,Cervus nippon taioanus,Asia,E,
69,Indochina Hog Deer,Axis porcinus annamiticus,Asia,E,
70,Key deer,Odocoileus virginianus clavium,North America,E,
71,Kuhl's deer (Bawean deer),Axis porcinus kuhli,Asia,E,
72,Marsh deer,Blastocerus dichotomus,South America,E,
73,McNeill's deer,Cervus elaphus macneilli,Asia,E,
74,Musk deer,Moschus spp. (all species),Asia,E,
75,North China Sika Deer,Cervus nippon mandarinus,Asia,E,
76,Pampas deer,Ozotoceros bezoarticus,South America,E,
77,Persian fallow deer,Dama mesopotamica (dama m.),Asia,E,
78,Ryukyu sika deer,Cervus nippon keramae,Asia,E,
79,Shansi sika deer,Cervus nippon grassianus,Asia,E,
80,South China Sika Deer,Cervus nippon kopschi,Asia,E,
81,Swamp deer,Cervus duvauceli,Asia ,E,
82,Visayan deer,Cervus alfredi,Asia,E,
83,Yarkand deer,Cervus elaphus yarkandensis,Asia,E,
84,Dhole,Cuon alpinus,Asia,E,
85,Dibbler,Antechinus apicalis,Australia,E,
86,African wild dog,Lycaon pictus,Africa,E,
87,Chinese River dolphin,Lipotes vexillifer,Asia,E,
88,Indus River dolphin,Platanista minor,Asia,E,
89,Drill,Mandrillus leucophaeus,Africa,E,
90,Dugong,Dugong dugon,"Africa, Asia, North America",E,
91,Jentink's duiker,Cephalophus jentinki,Africa,E,
92,Western giant eland,Taurotragus derbianus derbianus,Africa,E,
93,African elephant,Loxodonta africana,Africa,T,
94,Asian elephant,Elephas maximus,Asia,E,
95,Black-footed ferret,Mustela nigripes,North America,E,
96,Northern swift fox,Vulpes velox hebes,North America,E,
97,San Joaquin Kit Fox,Vulpes macrotis mutica,North America,E,
98,San Miguel Island fox,Urocyon littoralis littoralis,North America,E,
99,Santa Catalina Island fox,Urocyon littoralis catalinae,North America,E,
100,Santa Cruz Island fox,Urocyon littoralis santacruzae,North America,E,
101,Santa Rosa Island fox,Urocyon littoralis santarosae,North America,E,
102,Simien fox,Canis simensis,Africa,E,
103,Arabian gazelle,Gazella gazella,Asia,E,
104,Clarke's gazelle,Ammodorcas clarkei,Africa,E,
105,Mhorr gazelle,Gazella dama mhorr,Africa,E,
106,Moroccan gazelle,Gazella dorcas massaesyla,Africa,E,
107,Mountain gazelle (Cuvier's),Gazella cuvieri,Africa,E,
108,Pelzeln's gazelle,Gazella dorcas pelzelni,Africa,E,
109,Rio de Oro Dama gazelle,Gazella dama lozanoi,Africa,E,
110,Sand Gazelle,Gazella subgutturosa marica,"Africa, Asia",E,
111,Saudi Arabian gazelle,Gazella dorcas saudiya,"Africa, Asia",E,
112,Slender-horned gazelle,Gazella leptoceros,Africa,E,
113,Gibbons,"Hylobates, Nomascus, Hoolock, Symphalanges",Asia,E,
114,Gray Goral,Naemorhedus goral,Asia,E,
115,Gorillas,Gorilla spp.,Africa,E,
116,Hispid hare,Caprolagus hispidus,Asia,E,
117,Swayne's Hartebeest,Alcelaphus buselaphus swaynei,Africa,E,
118,Tora Hartebeest,Alcelaphus buselaphus tora,Africa,E,
119,Pygmy hog,Sus salvanius,"Africa, Asia",E,
120,Przewalski's horse,Equus przewalskii,Asia,E,
121,North Andean huemul,Hippocamelus antisensis,South America,E,
122,South Andean Huemul,Hippocamelus bisulcus,South America,E,
123,Cabrera's hutia,Capromys angelcabrerai,South America,E,
124,Dwarf Hutia,Capromys nana,South America,E,
125,Large-eared Hutia,Capromys auritus,South America,E,
126,Little Earth Hutia,Capromys sanfelipensis,South America,E,
127,Barbary hyena,Hyaena hyaena barbara,Africa,E,
128,Brown hyena,Parahyaena (Hyaena) brunnea,Africa,E,
129,Pyrenean ibex,Capra pyrenaica pyrenaica,Europe,E,
130,Walia Ibex,Capra walie,Africa,E,
131,Black-faced impala,Aepyceros melampus petersi,Africa,E,
132,Indri,Indri indri,Africa,E,
133,Jaguar,Panthera onca,"North America, South America",E,
134,Guatemalan jaguarundi,Puma yagouaroundi fossata,"North America, South America",E,
135,Gulf Coast Jaguarundi,Puma yagouarondi cacomitli,North America,E,
136,Panamanian Jaguarundi,Puma yagouaroundi panamensis,South America,E,
137,Sinaloan Jaguarundi,Puma yagouaroundi tolteca,North America,E,
138,Fresno Kangaroo Rat,Dipodomys nitratoides exilis,North America,E,
139,Giant kangaroo rat,Dipodomys ingens,North America,E,
140,Morro Bay kangaroo rat,Dipodomys heermanni morroensis,North America,E,
141,San Bernardino Merriam's kangaroo rat,Dipodomys merriami parvus,North America,E,
142,Stephens's Kangaroo Rat,Dipodomys stephensi (incl. D. cascus),North America,E,
143,Tipton kangaroo rat,Dipodomys nitratoides nitratoides,North America,E,
144,Tasmanian forester kangaroo,Macropus giganteus tasmaniensis,Australia,E,
145,Koala,Phascolarctos cinereus,Australia,T,
146,Kouprey,Bos sauveli,Asia,E,
147,Capped Langur,Trachypithecus pileatus,Asia,E,
148,Red-shanked Douc,Pygathrix nemaeus,Asia,E,
149,Francois' Langur,Trachypithecus francoisi,Asia,E,
150,Gee's Golden Langur,Trachypithecus geei,Asia,E,
151,Gray langurs,Semnopithecus spp.,Asia,E,
152,Mentawai Langur,Presbytis potenziani,Asia,T,
153,Pig-tailed Langur,Simias concolor,Asia,E,
154,Purple-faced Langur,Trachypithecus vetulus,Asia,T,
155,Red lechwe,Kobus leche,Africa,T,
156,Lemurs,all genera in the Lemuriformes),Africa,E,
157,Leopard,Panthera pardus,"Africa, Asia",E,
159,Clouded Leopard,Neofelis nebulosa,Asia,E,
160,Snow Leopard,Uncia uncia,Asia,E,
161,Spotted linsang,Prionodon pardicolor,Asia,E,
162,Asiatic lion,Panthera leo persica,Asia,E,
163,Pygmy Slow Loris,Nycticebus pygmaeus,Asia,T,
164,Canada lynx,Lynx canadensis,North America,T,
165,Spanish lynx,Felis pardina,Europe,E,
166,Formosan Rock Macaque,Macaca cyclopis,Asia,T,
167,Japanese Macaque,Macaca fuscata,Asia,T,
168,Lion-tailed Macaque,Macaca silenus,India,E,
169,Stump-tailed Macaque,Macaca arctoides,Asia,T,
170,Toque Macaque,Macaca sinica,Asia,T,
171,Amazonian Manatee,Trichechus inunguis,South America,E,
172,West African manatee,Trichechus senegalensis,Africa,T,
173,West Indian manatee,Trichechus manatus,"North America, South America",E,
174,Mandrill,Mandrillus sphinx,Africa,E,
175,Tana River Mangabey,Cercocebus galeritus,Africa,E,
176,Collared Mangabey,Cercocebus torquatus,Africa,E,
177,Margay,Leopardus (Felis) wiedii,North America,E,
178,Chiltan Markhor (wild goat),Capra falconeri (aegragrus) chiltanensis,Asia,E,
179,Kabul markhor,Capra falconeri megaceros,Asia,E,
180,Straight-horned Markhor,Capra falconeri jerdoni,Asia,E,
181,Buffy-headed Marmoset,Callithrix (Callithrix) flaviceps,South America,E,
182,Cottontop Tamarin,Saguinus oedipus,South America,E,
183,Goeldi's Marmoset,Callimico goeldii,South America,E,
184,Buffy-tufted Marmoset,Callithrix (Callithrix) aurita,South America,E,
185,Vancouver Island Marmot,Marmota vancouverensis,North America,E,
186,Eastern jerboa marsupial,Antechinomys laniger,Australia,E,
187,Large desert marsupial-mouse,Sminthopsis psammophila,Australia,E,
188,Long-tailed marsupial-mouse,Sminthopsis longicaudata,Australia,E,
189,Formosan yellow-throated marten,Martes flavigula chrysospila,Asia,E,
190,Black Colobus,Colobus satanas,Africa,E,
191,Guatemalan Black Howler,Alouatta pigra,South America,T,
192,Diana Monkey,Cercopithecus diana,Africa,E,
193,Gray Snub-nosed Monkey,Rhinopithecus brelichi,Asia,E,
194,L'Hoest's Monkey,Cercopithecus lhoesti,Africa,E,
195,Mantled Howler,Alouatta palliata,"North America, South America",E,
196,Preuss's Red Colobus,Piliocolobus preussi,Africa,E,
197,Proboscis Monkey,Nasalis larvatus,Asia,E,
198,Central American Squirrel Monkey,Saimiri oerstedii,South America,E,
199,White-throated Guenon,Cercopithecus erythrogaster,Africa,E,
200,Red-eared Guenon,Cercopithecus erythrotis,Africa,E,
201,Golden Snub-nosed Monkey,Rhinopithecus roxellana,Asia,E,
202,Geoffroy's Spider Monkey,Ateles geoffroyi,South America,E,
203,Tana River Red Colobus,Piliocolobus rufomitratus,Africa,E,
204,Tonkin Snub-nosed Langur,Rhinopithecus avunculus,Asia,E,
205,Southern Muriqui,Brachyteles arachnoides,South America,E,
206,Yellow-tailed Woolly Monkey,Oreonax flavicauda,South America,E,
207,Black Snub-nosed Monkey,Rhinopithecus bieti,Asia,E,
208,Zanzibar Red Colobus,Piliocolobus kirkii,Africa,E,
209,Point Arena mountain beaver,Aplodontia rufa nigra,North America,E,
210,Alabama beach mouse,Peromyscus polionotus ammobates,North America,E,
211,Anastasia Island beach mouse,Peromyscus polionotus phasma,North America,E,
212,Australian native mouse,Notomys aquilo,Australia,E,
213,Australian native mouse,Zyzomys pedunculatus,Australia,E,
214,Choctawhatchee Beach Mouse,Peromyscus polionotus allophrys,North America,E,
215,Field's mouse,Pseudomys fieldi,Australia,E,
216,Gould's mouse,Pseudomys gouldii,Australia,E,
217,Key Largo cotton mouse,Peromyscus gossypinus allapaticola,North America,E,
218,New Holland Mouse,Pseudomys novaehollandiae,Australia,E,
219,Pacific pocket mouse,Perognathus longimembris pacificus,North America,E,
220,Perdido Key Beach Mouse,Peromyscus polionotus trissyllepsis,North America,E,
221,Preble's meadow jumping mouse,Zapus hudsonius preblei,North America,T,
222,Salt marsh harvest mouse,Reithrodontomys raviventris,North America,E,
223,Shark Bay Mouse,Pseudomys praeconis,Australia,E,
224,Shortridge's Mouse,Pseudomys shortridgei,Australia,E,
225,Smoky Mouse,Pseudomys fumeus,Australia,E,
226,Southeastern beach mouse,Peromyscus polionotus niveiventris,North America,T,
227,St. Andrew beach mouse,Peromyscus polionotus peninsularis,North America,E,
228,Western Mouse,Pseudomys occidentalis,Australia,E,
229,Fea's muntjac,Muntiacus feae,Asia,E,
230,Eastern native-cat,Dasyurus viverrinus,Australia,E,
231,Numbat,Myrmecobius fasciatus,Australia,E,
232,Ocelot,Leopardus (Felis) pardalis,"North America, South America",E,
233,Bornean Orangutan,Pongo pygmaeus,Asia,E,
234,Arabian oryx,Oryx leucoryx,Asia,E,
235,Cameroon Clawless Otter,Aonyx congicus (congica) microdon,Africa,E,
236,Giant otter,Pteronura brasiliensis,South America,E,
237,Long-tailed otter,Lontra (Lutra) longicaudis (incl. platensis),South America,E,
238,Marine otter,Lontra (Lutra) felina,South America,E,
239,Southern river otter,Lontra (Lutra) provocax,South America,E,
240,Southern sea otter,Enhydra lutris nereis,North America,T,
241,Giant panda,Ailuropoda melanoleuca,Asia,E,
242,Temnick's ground pangolin,Manis temminckii,Africa,E,
243,Florida panther,Puma concolor coryi,North America,E,
244,Little planigale,Planigale ingrami subtilissima,Australia,E,
245,Southern planigale,Planigale tenuirostris,Australia,E,
246,Thin-spined porcupine,Chaetomys subspinosus,Asia,E,
247,Leadbeater's possum,Gymnobelideus leadbeateri,Australia,E,
248,Mountain Pygmy Possum,Burramys parvus,Australia,E,
249,Scaly-tailed Possum,Wyulda squamicaudata,Australia,E,
250,Mexican Prairie Dog,Cynomys mexicanus,North America,E,
251,Utah prairie dog,Cynomys parvidens,North America,T,
252,Peninsular pronghorn,Antilocapra americana peninsularis,North America,E,
253,Sonoran pronghorn,Antilocapra americana sonoriensis,North America,E,
254,Pud�,Pudu pudu,South America,E,
255,Eastern Cougar,Puma concolor couguar,North America,E,
256,Cougar (mountain lion),Puma concolor (all subsp. except coryi),"North America, South America",T(S/A),
257,Costa Rican Cougar,Puma concolor costaricensis,South America,E,
258,Quokka,Setonix brachyurus,Australia,E,
259,Lower Keys Marsh Rabbit,Sylvilagus palustris hefneri,North America,E,
260,Pygmy rabbit,Brachylagus idahoensis,North America,E,
261,Riparian Brush Rabbit,Sylvilagus bachmani riparius,North America,E,
262,Ryukyu Rabbit,Pentalagus furnessi,Asia,E,
263,Volcano rabbit,Romerolagus diazi,North America,E,
264,False Water Rat,Xeromys myoides,Australia,E,
265,Stick-nest rat,Leporillus conditor,Australia,E,
266,Brush-tailed rat-kangaroo,Bettongia penicillata,Australia,E,
267,Desert Rat-kangaroo (plain),Caloprymnus campestris,Australia,E,
268,Gaimard's rat-kangaroo,Bettongia gaimardi,Australia,E,
269,Lesueur's rat-kangaroo,Bettongia lesueur,Australia,E,
270,Queensland rat-kangaroo,Bettongia tropica,Australia,E,
271,Black rhinoceros,Diceros bicornis,Africa,E,
272,Great Indian rhinoceros,rhinoceros unicornis,Asia,E,
273,Javan rhinoceros,rhinoceros sondaicus,Asia,E,
274,Northern white rhinoceros,Ceratotherium simum cottoni,Africa,E,
275,Sumatran rhinoceros,Dicerorhinus sumatrensis,Asia,E,
276,Marsh rice rat (Florida subspecies),Oryzomys palustris natator,North America,E,
277,Mongolian saiga (antelope),Saiga tatarica mongolica,Asia,E,
278,Black Bearded Saki,Chiropotes satanas,South America,E,
279,White-nosed Saki,Chiropotes albinasus,South America,E,
280,Caribbean monk seal,Monachus tropicalis,North America,E,
281,Guadalupe fur seal,Arctocephalus townsendi,North America,T,
282,Hawaiian monk seal,Monachus schauinslandi,North America,E,
283,Mediterranean monk seal,Monachus monachus,Asia,E,
284,Saimaa Seal,Phoca hispida saimensis,Europe,E,
285,Steller sea-lion,Eumetopias jubatus,"North America, Asia",E & T,
286,Seledang,Bos gaurus,Asia,E,
287,serow,Naemorhedus (Capricornis) sumatraensis,Asia,E,
288,Barbary serval,Leptailurus (Felis) serval constantina,Africa,E,
289,Shapo,Ovis vignei vignei,Asia,E,
290,Bighorn sheep,Ovis canadensis,North America,E,
291,Bighorn sheep,Ovis canadensis californiana,North America,E,
292,Shou,Cervus elaphus wallichi,Asia,E,
293,Buena Vista Lake ornate shrew,Sorex ornatus relictus,North America,E,
294,Siamang,Symphalangus syndactylus,Asia,E,
295,Sifakas,Propithecus spp.,Africa,E,
296,Brazilian three-toed sloth,Bradypus torquatus,South America,E,
297,Cuban Solenodon,Solenodon cubanus,South America,E,
298,Haitian solenodon,Solenodon paradoxus,South America,E,
299,Carolina northern flying squirrel,Glaucomys sabrinus coloratus,North America,E,
300,Delmarva Peninsula fox squirrel,Sciurus niger cinereus,North America,E,
301,Mount Graham Red Squirrel,Tamiasciurus hudsonicus grahamensis,North America,E,
302,Northern Idaho ground squirrel,Spermophilus brunneus brunneus,North America,T,
303,Virginia northern flying squirrel,Glaucomys sabrinus fuscus,North America,E,
304,Barbary stag,Cervus elaphus barbarus,Africa,E,
305,Kashmir stag,Cervus elaphus hanglu,Asia,E,
306,Zanzibar suni,Neotragus moschatus moschatus,Africa,E,
307,Arabian tahr,Hemitragus jayakari,Asia,E,
308,Tamaraw,Bubalus mindorensis,Asia,E,
309,Lion tamarins,Leontopithecus spp.,South America,E,
310,Pied Tamarin,Saguinus bicolor,South America,E,
311,White-footed Tamarin,Saguinus leucopus,South America,T,
312,Asian tapir,tapirus indicus,Asia,E,
313,Central American tapir,tapirus bairdii,"North America, South America",E,
314,Mountain Tapir,tapirus pinchaque,South America,E,
315,South American tapir (Brazilian),tapirus terrestris,South America,E,
316,Philippine Tarsier,Tarsius syrichta,Asia,T,
317,Tiger,Panthera tigris,Asia,E,
318,Tasmanian tiger,Thylacinus cynocephalus,Australia,E,
319,Uakari (all species),Cacajao spp.,South America,E,
320,Urial,Ovis musimon ophion,Europe,E,
321,Vicuna,Vicugna vicugna,South America,E,
322,Amargosa vole,Microtus californicus scirpensis,North America,E,
323,Florida salt marsh vole,Microtus pennsylvanicus dukecampbelli,North America,E,
324,Hualapai Mexican vole,Microtus mexicanus hualpaiensis,North America,E,
325,Banded hare wallaby,Lagostrophus fasciatus,Australia,E,
326,Brindled nail-tailed wallaby,Onychogalea fraenata,Australia,E,
327,Crescent nail-tailed wallaby,Onychogalea lunata,Australia,E,
328,Parma wallaby,Macropus parma,Australia,E,
329,Western hare wallaby,Lagorchestes hirsutus,Australia,E,
330,Yellow-footed Rock-wallaby,Petrogale xanthopus,Australia,E,
331,Blue Whale,Balaenoptera musculus,Australia,E,
332,Bowhead Whale,Balaena mysticetus,Australia,E,
333,Fin Whale,Balaenoptera physalus,Australia,E,
334,Gray Whale,Eschrichtius robustus,"North America, Asia",E,
335,Humpback Whale,Megaptera novaeangliae,Australia,E,
336,Right whales,Eualaena spp.,Australia,E,
337,Sei Whale,Balaenoptera borealis,Australia,E,
338,Sperm Whale,Physeter macrocephalus,Australia,E,
339,Gray Wolf,Canis lupus,"Europe, Asia, Africa, North America",E,
340,Maned wolf,Chrysocyon brachyurus,South America,E,
341,Red wolf,Canis rufus,North America,E,
342,Queensland hairy-nosed wombat (incl. Barnard's),Lasiorhinus krefftii (formerly L. barnardi and L. gillespiei),Australia,E,
343,Key Largo Woodrat,Neotoma floridana smalli,North America,E,
344,Riparian woodrat (San Joaquin Valley),Neotoma fuscipes riparia,North America,E,
345,Wild Yak,Bos mutus (grunniens m.),Asia,E,
346,Grevy's zebra,Equus grevyi,Africa,T,
347,Hartmann's mountain zebra,Equus zebra hartmannae,Africa,T,
348,Mountain zebra,Equus zebra zebra,Africa,E,
,,,,,
Birds,,,,,
,,,,,
SNo,Common name,Scientific name,Home range,status,Migratory Status
1,Hawaii Akepa (honeycreeper),Loxops coccineus coccineus,North America,E,N
2,Maui ?Akepa (honeycreeper),Loxops coccineus ochraceus,North America,E,N
3,Kaua?i ?Akialoa (honeycreeper),Hemignathus procerus,North America,E,N
4,Akiapola`au (honeycreeper),Hemignathus munroi,North America,E,N
5,Amsterdam Albatross,Diomedea amsterdamensis,Africa,E,Y
6,Short-tailed Albatross,Phoebastria albatrus,"Asia, North America",E,Y
7,Thyolo Alethe,Alethe choloensis,Africa,E,N
8,Yellow-shouldered Blackbird,Agelaius xanthomus,North America,E,N
9,Masked Bobwhite (quail),Colinus virginianus ridgwayi,North America,E,N
10,Abbott's Booby,Papasula (Sula) abbotti,Australia,E,N
11,Western Bristlebird,Dasyornis longirostris,Australia,E,N
12,Western Rufous Bristlebird,Dasyornis broadbenti litoralis,Australia,E,N
13,Mauritius Olivaceous Bulbul,Hypsipetes borbonicus olivaceus,Africa,E,N
14,Sao Miguel Bullfinch,Pyrrhula pyrrhula murina,Europe,E,N
15,Uluguru Bushshrike,Malaconotus alius,Africa,T,N
16,New Zealand Bushwren,Xenicus longipes,Europe,E,N
17,Great Indian Bustard,Ardeotis nigriceps,Asia,E,N
18,Cahow,Pterodroma cahow,North America,E,Y
19,Audubon's Crested Caracara,Polyborus plancus audubonii,North America,T,Y
20,Andean Condor,Vultur gryphus,South America,E,Y
21,California Condor,Gymnogyps californianus,North America,E,N
22,Hawaiian Coot,Fulica americana alai,North America,E,N
23,Banded Cotinga,Cotinga maculata,South America,E,N
24,White-winged Cotinga,Xipholena atropurpurea,South America,E,N
25,Black-necked Crane,Grus nigricollis,Asia,E,Y
26,Cuba Sandhill Crane,Grus canadensis nesiotes,"Asia, South America",E,Y
27,Hooded Crane,Grus monacha,Asia,E,Y
28,Japanese Crane,Grus japonensis,Asia,E,Y
29,Mississippi Sandhill Crane,Grus canadensis pulla,North America,E,Y
30,Siberian White Crane,Grus leucogeranus,Asia,E,Y
31,White-naped Crane,Grus vipio,Asia,E,Y
32,Whooping Crane,Grus americana,North America,E,Y
33,Hawaii Creeper,Oreomystis mana,North America,E,N
34,Molokai Creeper,Paroreomyza flammea,North America,E,N
35,Oahu Creeper,Paroreomyza maculata,North America,E,N
36,Hawaiian Crow,Corvus hawaiiensis,North America,E,N
37,Mariana Crow,Corvus kubaryi,North America,E,N
38,White-necked Crow,Corvus leucognaphalus,North America,E,N
39,Mauritius Cuckoo-shrike,Coracina typica,Africa,E,N
40,Reunion Cuckoo-shrike,Coracina newtoni,Africa,E,N
41,Razor-billed Curassow,Mitu tuberosum,South America,E,N
42,Red-billed Curassow,Crax blumenbachii,South America,E,N
43,Trinidad White-headed Curassow,Aburria pipile,Asia,E,N
44,Eskimo Curlew,Numenius borealis,"North America, South America",E,Y
45,"Dove, cloven-feathered",Drepanoptila holosericea,Australia,E,N
46,"Dove, Grenada gray-fronted",Leptotila rufaxilla wellsi,Asia,E,N
47,Hawaiian Duck,Anas wyvilliana,North America,E,N
48,Laysan Duck,Anas laysanensis,North America,E,N
49,Pink-headed Duck,Rhodonessa caryophyllacea,Asia,E,N
50,White-winged Wood Duck,Cairina scutulata,Asia,E,N
51,Bald eagle,Haliaeetus leucocephalus,North America,T,Y
52,Greenland white-tailed eagle,Haliaeetus albicilla groenlandicus,North America,E,Y
53,Harpy eagle,Harpia harpyja,"North America, South America",E,N
54,Madagascar sea eagle,Haliaeetus vociferoides,Africa,E,N
55,Madagascar Serpent Eagle,Eutriorchis astur,Africa,E,N
56,Philippine eagle,Pithecophaga jefferyi,Asia,E,N
57,Spanish Imperial Eagle,Aquila heliaca adalberti,"Europe, Africa",E,N
58,Chinese egret,Egretta eulophotes,Asia,E,Y
59,Spectacled eider,Somateria fischeri,"North America, Asia",T,Y
60,Steller's eider,Polysticta stelleri,"North America, Asia",T,Y
61,O'ahu �Elepaio,Chasiempis ibidis,North America,E,N
62,Eurasian peregrine falcon,Falco peregrinus peregrinus,"Europe, Asia, Africa",E,Y
63,Northern aplomado falcon,Falco femoralis septentrionalis,"North America, South America",E,Y
64,Laysan finch (honeycreeper),Telespiza cantans,North America,E,N
65,Nihoa Finch (honeycreeper),Telespiza ultima,North America,E,N
66,Euler's flycatcher,Empidonax euleri johnstonei,Asia,E,Y
67,Seychelles paradise flycatcher,Terpsiphone corvina,Asia,E,N
68,Southwestern willow flycatcher,Empidonax traillii extimus,North America,E,Y
69,Tahiti flycatcher,Pomarea nigra,Australia,E,N
70,Mauritius fody,Foudia rubra,Australia,E,N
71,Rodrigues fody,Foudia flavicans,Australia,E,N
72,Seychelles Fody (weaver-finch),Foudia sechellarum,Australia,E,N
73,Djibouti Francolin,Francolinus ochropectus,Africa,E,N
74,Freira,Pterodroma madeira,Australia,E,Y
75,Andrew's frigatebird,Fregata andrewsi,Australia,E,N
76,Coastal California gnatcatcher,Polioptila californica californica,North America,T,N
77,Hawaiian goose,Branta sandvicensis,North America,E,N
78,Christmas Island Goshawk,Accipiter fasciatus natalis,Australia,E,N
79,Slender-billed grackle,Quiscalus palustris,North America,E,N
80,Eyrean Grasswren (flycatcher),Amytornis goyderi,Australia,E,N
81,Alaotra grebe,Tachybaptus rufolavatus,Africa,E,N
82,Atitlan grebe,Podilymbus gigas,South America,E,N
83,Nordmann's Greenshank,Tringa guttifer,Asia,E,Y
84,Horned guan,Oreophasis derbianus,South America,E,N
85,White-winged Guan,Penelope albipennis,South America,E,N
86,White-breasted Guineafowl,Agelastes meleagrides,Africa,T,N
87,Audouin's gull,Larus audouinii,Europe,E,Y
88,Relict gull,Larus relictus,Asia,E,Y
89,Galapagos hawk,Buteo galapagoensis,South America,E,N
90,Hawaiian hawk ('lo),Buteo solitarius,North America,E,N
91,Puerto Rican broad-winged hawk,Buteo platypterus brunnescens,North America,E,N
92,Puerto Rican sharp-shinned hawk,Accipiter striatus venator,North America,E,Y
93,Hook-billed Hermit (hummingbird),Ramphodon (Glaucis) dohrnii,South America,E,N
94,Crested honeycreeper,Palmeria dolei,North America,E,N
95,Helmeted Honeyeater,Lichenostomus melanops cassidix (Meliphaga c.),Australia,E,N
96,Helmeted Hornbill,Buceros vigil,Asia,E,N
97,Japanese Crested Ibis,Nipponia nippon,Asia,E,N
98,Northern Bald Ibis,Geronticus eremita,"Europe, Asia, Africa",E,Y
99,Florida Scrub-Jay,Aphelocoma coerulescens,North America,T,N
100,Kagu,Rhynochetos jubatus,Australia,E,N
101,Kakapo,Strigops habroptila f,Australia,E,N
102,Mauritius kestrel,Falco punctatus,Africa,E,N
103,Seychelles kestrel,Falco araea,Africa,E,N
104,Guam Micronesian kingfisher,Halcyon cinnamomina cinnamomina,North America,E,N
105,Cuba hook-billed kite,Chondrohierax uncinatus wilsonii,"Asia, South America",E,N
106,Everglade Snail Kite,Rostrhamus sociabilis plumbeus,"North America, South America",E,N
107,Grenada hook-billed kite,Chondrohierax uncinatus mirus,Asia,E,N
108,Kokako (wattlebird),Callaeas cinerea,Australia,E,N
109,Raso lark,Alauda razae,Africa,E,N
110,Glaucous Macaw,Anodorhynchus glaucus,South America,E,N
111,Indigo macaw,Anodorhynchus leari,South America,E,N
112,Little blue macaw,Cyanopsitta spixii,South America,E,Y
113,Seychelles Magpie Robin (thrush),Copsychus sechellarum,Africa,E,N
114,Ibadan Malimbe,Malimbus ibadanensis,Africa,E,N
,,,,,
For other formats kindly visit : www.downloadexcelfiles.com,,,,,
,,,,,
Original source,,,,,
